<?xml version="1.0" encoding="UTF-8"?>
<project-private xmlns="http://www.netbeans.org/ns/project-private/1">
    <editor-bookmarks xmlns="http://www.netbeans.org/ns/editor-bookmarks/2" lastBookmarkId="0"/>
    <open-files xmlns="http://www.netbeans.org/ns/projectui-open-files/2">
        <group>
            <file>file:/C:/Users/amzad/Documents/NetBeansProjects/University_Course_Registration_System/src/loginpage/DepartmentController.java</file>
            <file>file:/C:/Users/amzad/Documents/NetBeansProjects/University_Course_Registration_System/src/loginpage/SemesterController.java</file>
            <file>file:/C:/Users/amzad/Documents/NetBeansProjects/University_Course_Registration_System/src/loginpage/RegistrationController.java</file>
            <file>file:/C:/Users/amzad/Documents/NetBeansProjects/University_Course_Registration_System/src/loginpage/LoginPage.java</file>
            <file>file:/C:/Users/amzad/Documents/NetBeansProjects/University_Course_Registration_System/src/loginpage/StudentController.java</file>
            <file>file:/C:/Users/amzad/Documents/NetBeansProjects/University_Course_Registration_System/src/loginpage/FXMLDocumentController.java</file>
            <file>file:/C:/Users/amzad/Documents/NetBeansProjects/University_Course_Registration_System/src/loginpage/YOUR_DETAILSController.java</file>
            <file>file:/C:/Users/amzad/Documents/NetBeansProjects/University_Course_Registration_System/src/loginpage/CourseController.java</file>
            <file>file:/C:/Users/amzad/Documents/NetBeansProjects/University_Course_Registration_System/src/loginpage/InstructorController.java</file>
        </group>
    </open-files>
</project-private>
